{
  "providers": [
    
    {
      "type": "bitmap",
      "file": "minecraft:font/ascii.png",
      "ascent": 7,
      "height": 8,
      "chars": ["\u0000\u0001\u0002\u0003\u0004\u0005\u0006\u0007\u0008\u0009\u000a\u000b\u000c\u000d\u000e\u000f\u0010\u0011\u0012\u0013\u0014\u0015\u0016\u0017\u0018\u0019\u001a\u001b\u0011\u001d\u001e\u001f !\"#$%&'()*+,-./0123456789:;<=>?@ABCDEFGHIJKLMNOPQRSTUVWXYZ[\\]^_`abcdefghijklmnopqrstuvwxyz{|}~\u007f"]
    },
   
    {
      "type": "bitmap",
      "file": "minecraft:textures/rank_icons/VIP.png", 
      "ascent": 9, 
      "height": 9, 
      "chars": ["\uE100"] 
    },
    {
      "type": "bitmap",
      "file": "minecraft:textures/rank_icons/SVIP.png", 
      "ascent": 9, 
      "height": 9, 
      "chars": ["\uE101"] 
    },
    {
      "type": "bitmap",
      "file": "minecraft:textures/rank_icons/MVP.png", 
      "ascent": 9, 
      "height": 9, 
      "chars": ["\uE102"] 
    },
    {
      "type": "bitmap",
      "file": "minecraft:textures/rank_icons/SMVP.png", 
      "ascent": 9, 
      "height": 9, 
      "chars": ["\uE103"] 
    },
    {
      "type": "bitmap",
      "file": "minecraft:textures/rank_icons/SMP.png", 
      "ascent": 9, 
      "height": 9, 
      "chars": ["\uE104"] 
    },
    {
      "type": "bitmap",
      "file": "minecraft:textures/rank_icons/FAMOUS.png", 
      "ascent": 9, 
      "height": 9, 
      "chars": ["\uE105"] 
    },
    {
      "type": "bitmap",
      "file": "minecraft:textures/rank_icons/HLP.png", 
      "ascent": 9, 
      "height": 9, 
      "chars": ["\uE106"] 
    },
    {
      "type": "bitmap",
      "file": "minecraft:textures/rank_icons/ADMIN.png", 
      "ascent": 9, 
      "height": 9, 
      "chars": ["\uE107"] 
    },
    {
      "type": "bitmap",
      "file": "minecraft:textures/rank_icons/OWNER.png", 
      "ascent": 9, 
      "height": 9, 
      "chars": ["\uE108"] 
    },
  ]   
}